facility_id,name,address,type,bed_count,accreditation_status,accreditation_body,cms_provider_number,certification_date
FAC-0001,HEALTH ALLIANCE - CLINTON HOSPITAL,"60 HOSPITAL ROAD, LEOMINSTER, MA 01453",Short-Term Acute Care,150,Active,Unknown,220001,19930414
FAC-0002,MOUNT AUBURN HOSPITAL,"330 MOUNT AUBURN STREET, CAMBRIDGE, MA 02138",Short-Term Acute Care,217,Active,Unknown,220002,20020724
FAC-0003,STURDY MEMORIAL HOSPITAL,"211 PARK STREET, ATTLEBORO, MA 02703",Short-Term Acute Care,126,Active,Unknown,220008,19930826
FAC-0004,MERRIMACK HEALTH LAWRENCE HOSPITAL,"ONE GENERAL STREET, LAWRENCE, MA 01841",Short-Term Acute Care,189,Active,Unknown,220010,20170123
FAC-0005,CAMBRIDGE HEALTH ALLIANCE,"1493 CAMBRIDGE STREET, CAMBRIDGE, MA 02138",Short-Term Acute Care,159,Active,Unknown,220011,19930826
FAC-0006,CAPE COD HOSPITAL,"27 PARK STREET, HYANNIS, MA 02601",Short-Term Acute Care,259,Active,Unknown,220012,20131217
FAC-0007,"COOLEY DICKINSON HOSPITAL INC,THE","30 LOCUST STREET, NORTHAMPTON, MA 01060",Short-Term Acute Care,142,Active,Unknown,220015,20091001
FAC-0008,BAYSTATE FRANKLIN MEDICAL CENTER,"164 HIGH STREET, GREENFIELD, MA 01301",Short-Term Acute Care,92,Active,Unknown,220016,20080508
FAC-0009,UMASS MEMORIAL HEALH - HARRINGTON HOSPITAL,"100 SOUTH STREET, SOUTHBRIDGE, MA 01550",Short-Term Acute Care,113,Active,Unknown,220019,19930823
FAC-0010,VA HOSP,"200 SPRINGS ROAD, BEDFORD, MA 01730",Hospital,993,Active,Unknown,22001F,19910301
FAC-0011,BROWN UNIVERSITY HEALTH SAINT ANNE'S HOSPITAL,"795 MIDDLE STREET, FALL RIVER, MA 02721",Short-Term Acute Care,160,Active,Unknown,220020,20100211
FAC-0012,HOLYOKE MEDICAL CENTER,"575 BEECH STREET, HOLYOKE, MA 01040",Short-Term Acute Care,164,Active,Unknown,220024,19930830
FAC-0013,ANNA JAQUES HOSPITAL,"25 HIGHLAND AVENUE, NEWBURYPORT, MA 01950",Short-Term Acute Care,123,Active,Unknown,220029,20190730
FAC-0014,U S PUB HLTH SERV HOSP,"77 WARREN ST, BOSTON, MA 02135",Hospital,211,Active,Unknown,22002F,19910301
FAC-0015,BAYSTATE WING HOSPITAL AND MEDICAL CENTERS,"40 WRIGHT STREET, PALMER, MA 01069",Short-Term Acute Care,41,Active,Unknown,220030,19930831
FAC-0016,BOSTON MEDICAL CENTER CORPORATION-,"1 BOSTON MEDICAL CENTER PLACE, BOSTON, MA 02118",Short-Term Acute Care,441,Active,Unknown,220031,20190328
FAC-0017,BEVERLY HOSPITAL CORPORATION,"85 HERRICK STREET, BEVERLY, MA 01915",Short-Term Acute Care,283,Active,Unknown,220033,20020925
FAC-0018,NORTH SHORE MEDICAL CENTER -,"81 HIGHLAND AVENUE, SALEM, MA 01970",Short-Term Acute Care,415,Active,Unknown,220035,19940505
FAC-0019,BOSTON MEDICAL CENTER-BRIGHTON,"736 CAMBRIDGE STREET, NEVINS BUILDING, BRIGHTON, MA 02135",Short-Term Acute Care,252,Active,Unknown,220036,20120628
FAC-0020,VA HOSP,"1400 VFW PARKWAY, BOSTON, MA 02132",Hospital,920,Active,Unknown,22003F,19910301
FAC-0021,BERKSHIRE MEDICAL CENTER INC - 1,"725 NORTH STREET, PITTSFIELD, MA 01201",Short-Term Acute Care,319,Active,Unknown,220046,20010816
FAC-0022,MARLBOROUGH HOSPITAL,"157 UNION STREET, MARLBOROUGH, MA 01752",Short-Term Acute Care,79,Active,Unknown,220049,20120823
FAC-0023,VA HOSP,"BELMONT STREET, BROCKTON, MA 02301",Hospital,988,Active,Unknown,22004F,19910301
FAC-0024,SIGNATURE HEALTHCARE BROCKTON HOSPITAL,"680 CENTER STREET, BROCKTON, MA 02302",Short-Term Acute Care,205,Active,Unknown,220052,20090918
FAC-0025,US NAVAL HOSP,"CHELSEA, CHELSEA, MA 02150",Hospital,500,Active,Unknown,22005F,19910301
FAC-0026,BETH ISRAEL DEACONESS HOSPITAL - PLYMOUTH,"275 SANDWICH STREET, PLYMOUTH, MA 02360",Short-Term Acute Care,155,Active,Unknown,220060,20101207
FAC-0027,ADCARE HOSPITAL OF WORCESTER INC,"107 LINCOLN STREET, WORCESTER, MA 01605",Short-Term Acute Care,114,Active,Unknown,220062,20230817
FAC-0028,LOWELL GENERAL HOSPITAL,"295 VARNUM AVENUE, LOWELL, MA 01854",Short-Term Acute Care,158,Active,Unknown,220063,20091029
FAC-0029,BAYSTATE NOBLE HOSPITAL,"115 WEST SILVER STREET, WESTFIELD, MA 01085",Short-Term Acute Care,97,Active,Unknown,220065,20190313
FAC-0030,MERCY MEDICAL CTR,"271 CAREW STREET, SPRINGFIELD, MA 01104",Short-Term Acute Care,339,Active,Unknown,220066,20040128
FAC-0031,US AIR FORCE HOSP,"WESTOVER AFB, CHICOPEE, MA 01022",Hospital,90,Active,Unknown,22006F,19910301
FAC-0032,MELROSEWAKEFIELD HEALTHCARE,"585 LEBANON STREET, MELROSE, MA 02176",Short-Term Acute Care,538,Active,Unknown,220070,20091211
FAC-0033,MASSACHUSETTS GENERAL HOSPITAL,"55 FRUIT STREET, BOSTON, MA 02114",Short-Term Acute Care,907,Active,Unknown,220071,20100212
FAC-0034,BROWN UNIVERSITY HEALTH MORTON HOSPITAL,"88 WASHINGTON STREET, TAUNTON, MA 02780",Short-Term Acute Care,133,Active,Unknown,220073,20111031
FAC-0035,"SOUTHCOAST HOSPITAL GROUP, INC","363 HIGHLAND AVENUE, FALL RIVER, MA 02720",Short-Term Acute Care,695,Active,Unknown,220074,19981105
FAC-0036,MASSACHUSETTS EYE AND EAR INFIRMARY -,"243 CHARLES STREET, BOSTON, MA 02114",Short-Term Acute Care,42,Active,Unknown,220075,19930920
FAC-0037,BAYSTATE MEDICAL CENTER,"759 CHESTNUT STREET, SPRINGFIELD, MA 01199",Short-Term Acute Care,716,Active,Unknown,220077,20130314
FAC-0038,US AIR FORCE HOSP,"OTIS AFB, FALMOUTH, MA 02540",Hospital,50,Active,Unknown,22007F,19910301
FAC-0039,MERRIMACK HEALTH METHUEN HOSPITAL,"70 EAST STREET, METHUEN, MA 01844",Short-Term Acute Care,275,Active,Unknown,220080,20180426
FAC-0040,BETH ISRAEL DEACONESS HOSPITAL - NEEDHAM,"148 CHESTNUT STREET, NEEDHAM, MA 02494",Short-Term Acute Care,58,Active,Unknown,220083,20141009
FAC-0041,EMERSON HOSPITAL -,"133 OLD ROAD TO 9 ACRE CORNER, W CONCORD, MA 01742",Short-Term Acute Care,149,Active,Unknown,220084,19940304
FAC-0042,BETH ISRAEL DEACONESS MEDICAL CENTER,"330 BROOKLINE AVENUE, BOSTON, MA 02215",Short-Term Acute Care,597,Active,Unknown,220086,20101115
FAC-0043,NEW ENGLAND BAPTIST HOSPITAL,"125 PARKER HILL AVENUE, BOSTON, MA 02120",Short-Term Acute Care,118,Active,Unknown,220088,20161215
FAC-0044,US ARMY HOSP,"FORT DEVANS, AYER, MA 01432",Hospital,150,Active,Unknown,22008F,19910301
FAC-0045,UMASS MEMORIAL HEALTH-MILFORD REGIONAL MEDICAL CTR,"14 PROSPECT STREET, MILFORD, MA 01757",Short-Term Acute Care,121,Active,Unknown,220090,20050610
FAC-0046,HEYWOOD HOSPITAL -,"242 GREEN STREET, GARDNER, MA 01440",Short-Term Acute Care,134,Active,Unknown,220095,20020828
FAC-0047,VA HOSP,"BERKSHIRE TRAIL ROUTE 9, NORTHAMPTON, MA 01060",Hospital,1014,Active,Unknown,22009F,19910301
FAC-0048,SOUTH SHORE HOSPITAL,"55 FOGG ROAD, SOUTH WEYMOUTH, MA 02190",Short-Term Acute Care,284,Active,Unknown,220100,19940228
FAC-0049,NEWTON-WELLESLEY HOSPITAL,"2014 WASHINGTON STREET, NEWTON, MA 02462",Short-Term Acute Care,224,Active,Unknown,220101,20200109
FAC-0050,WINCHESTER HOSPITAL,"41 HIGHLAND AVENUE, WINCHESTER, MA 01890",Short-Term Acute Care,189,Active,Unknown,220105,20140113
FAC-0051,BETH ISRAEL DEACONESS HOSPITAL-MILTON INC,"199 REEDSDALE ROAD, MILTON, MA 02186",Short-Term Acute Care,81,Active,Unknown,220108,20081006
FAC-0052,VA HOSP,"150 SOUTH HUNTINGTON AVENUE, BOSTON, MA 02130",Hospital,920,Active,Unknown,22010F,19910301
FAC-0053,BRIGHAM AND WOMEN'S HOSPITAL,"75 FRANCIS STREET, BOSTON, MA 02115",Short-Term Acute Care,663,Active,Unknown,220110,19980227
FAC-0054,BOSTON MEDICAL CENTER-SOUTH,"235 NORTH PEARL STREET, BROCKTON, MA 02301",Short-Term Acute Care,231,Active,Unknown,220111,20090605
FAC-0055,TUFTS MEDICAL CENTER,"800 WASHINGTON STREET, BOSTON, MA 02111",Short-Term Acute Care,415,Active,Unknown,220116,20140204
FAC-0056,BRIGHAM AND WOMEN'S FAULKNER HOSPITAL,"1153 CENTRE STREET, BOSTON, MA 02130",Short-Term Acute Care,153,Active,Unknown,220119,20111214
FAC-0057,FALMOUTH HOSPITAL,"67 & 100 TER HEUN DRIVE, FALMOUTH, MA 02540",Short-Term Acute Care,95,Active,Unknown,220135,19960403
FAC-0058,DANA-FARBER CANCER INSTITUTE,"450 BROOKLINE AVENUE, BOSTON, MA 02115",Short-Term Acute Care,27,Active,Unknown,220162,19930818
FAC-0059,UMASS MEMORIAL MEDICAL CENTER INC,"55 LAKE AVENUE NORTH, WORCESTER, MA 01655",Short-Term Acute Care,325,Active,Unknown,220163,19990813
FAC-0060,"LAHEY HOSPITAL & MEDICAL CENTER, BURLINGTON","41 & 45 MALL ROAD, BURLINGTON, MA 01803",Short-Term Acute Care,327,Active,Unknown,220171,20120809
FAC-0061,METROWEST MEDICAL CENTER,"115 LINCOLN STREET, FRAMINGHAM, MA 01701",Short-Term Acute Care,360,Active,Unknown,220175,20050101
FAC-0062,ST VINCENT HOSPITAL,"123 SUMMER STREET, WORCESTER, MA 01608",Short-Term Acute Care,283,Active,Unknown,220176,20151008
FAC-0063,NANTUCKET COTTAGE HOSPITAL,"57 PROSPECT STREET, NANTUCKET, MA 02554",Short-Term Acute Care,19,Active,Unknown,220177,20071221
FAC-0064,LYNN COMMUNITY HEALTH INC,"100 ROBINSON ST, LYNN, MA 01905",Short-Term Acute Care,0,Not Accredited,Unknown,221001,20221130
FAC-0065,SOUTH GARDNER COMMUNITY HEALTH CENTER AND URGENT C,"529 TIMPANY BLVD, GARDNER, MA 01440",Short-Term Acute Care,0,Not Accredited,Unknown,221005,20230830
FAC-0066,SSTAR INTEGRATED HEALTH SERVICES CENTER,"75 WEAVER ST, FALL RIVER, MA 02720",Short-Term Acute Care,0,Not Accredited,Unknown,221006,20240112
FAC-0067,MANET COMMUNITY HEALTH CENTER AT FR. BILLS,"39 BROAD ST, HOUGHS NECK, MA 02169",Short-Term Acute Care,0,Not Accredited,Unknown,221008,20240614
FAC-0068,MANET COMMUNITY HEALTH CENTER AT TAUNTON PUBLIC SC,"60 WILLIAMS STREET, P101, TAUNTON, MA 02780",Short-Term Acute Care,0,Not Accredited,Unknown,221009,20240613
FAC-0069,"CARING HEALTH CENTER, INC","473 SUMNER AVE, SPRINGFIELD, MA 01108",Short-Term Acute Care,0,Not Accredited,Unknown,221010,20240725
FAC-0070,OUTER CAPE HEALTH SERVICES INC,"2700 STATE HIGHWAY, RT 6, UNIT 2, WELLFLEET, MA 02667",Short-Term Acute Care,0,Not Accredited,Unknown,221013,20240903
FAC-0071,"CARING HEALTH CENTER, INC","1235 BOSTON RD, SPRINGFIELD, MA 01119",Short-Term Acute Care,0,Not Accredited,Unknown,221014,20250718
FAC-0072,MARTHA'S VINEYARD HOSPITAL INC,"ONE HOSPITAL ROAD, FIRST FL, WING 5,  PO BOX 1477, OAK BLUFFS, MA 02557",Religious Non-Medical Health Care,19,Active,Unknown,221300,20130225
FAC-0073,FAIRVIEW HOSPITAL,"29 LEWIS AVENUE, GREAT BARRINGTON, MA 01230",Religious Non-Medical Health Care,25,Active,Unknown,221302,20140313
FAC-0074,ATHOL MEMORIAL HOSPITAL,"2033 MAIN STREET, ATHOL, MA 01331",Religious Non-Medical Health Care,25,Active,Unknown,221303,20150709
FAC-0075,NORTH ADAMS REGIONAL HOSPITAL,"71 HOSPITAL AVENUE, NORTH ADAMS, MA 01247",Religious Non-Medical Health Care,25,Active,Unknown,221304,20240625
FAC-0076,JOSEPH M SMITH COMMUNITY HEALTH CENTER,"287 WESTERN AVE, ALLSTON, MA 02134",Short-Term Acute Care,0,Not Accredited,Unknown,221800,19911001
FAC-0077,HARBOR HEALTH-NEPONSET HEALTH CENTER,"398 NEPONSET AVENUE, BOSTON, MA 02122",Short-Term Acute Care,0,Not Accredited,Unknown,221801,19920101
FAC-0078,OUTER  CAPE HEALTH SERVICES,"ROUTE 6,  P O BOX 1430, WELLFLEET, MA 02667",Short-Term Acute Care,0,Not Accredited,Unknown,221802,19911001
FAC-0079,FAMILY HEALTH & SOCIAL SERVICE CENTER,"875 MAIN STREET, WORCESTER, MA 01610",Short-Term Acute Care,0,Not Accredited,Unknown,221803,19911001
FAC-0080,FAMILY HEALTH CENTER OF WORCESTER INC,"26 QUEEN STREET, WORCESTER, MA 01610",Short-Term Acute Care,0,Not Accredited,Unknown,221804,19911206
FAC-0081,"HEALTHFIRST FAMILY CARE CENTER, INC","387 QUARRY STREET, SUITE 100, FALL RIVER, MA 02723",Short-Term Acute Care,0,Not Accredited,Unknown,221805,19930101
FAC-0082,OUTER CAPE HEALTH SERVICES,"HARRY KEMP WAY, P O BOX 613, PROVINCETOWN, MA 02657",Short-Term Acute Care,0,Not Accredited,Unknown,221807,19911001
FAC-0083,MATTAPAN COMMUNITY HEALTH CENTER,"1425 BLUE HILL AVENUE, MATTAPAN, MA 02126",Short-Term Acute Care,0,Not Accredited,Unknown,221808,19911001
FAC-0084,"HILLTOWN COMMUNITY HEALTH CENTERS, INC","50 OLD NORTH ROAD, WORTHINGTON, MA 01098",Short-Term Acute Care,0,Not Accredited,Unknown,221809,19920601
FAC-0085,LYNN COMMUNITY HEALTH,"86 LAFAYETTE PARK, LYNN, MA 01902",Short-Term Acute Care,0,Not Accredited,Unknown,221810,19920701
FAC-0086,GEIGER-GIBSON COMMUNITY HEALTH CENTER,"260 MOUNT VERNON STREET, DORCHESTER, MA 02125",Short-Term Acute Care,0,Not Accredited,Unknown,221811,19920101
FAC-0087,NORTH END COMMUNITY HEALTH CENTER,"332 HANOVER STREET, BOSTON, MA 02113",Short-Term Acute Care,0,Not Accredited,Unknown,221812,19920101
FAC-0088,GREATER LAWRENCE FAMILY HEALTH CENTER,"150 PARK STREET, LAWRENCE, MA 01841",Short-Term Acute Care,0,Not Accredited,Unknown,221813,19911001
FAC-0089,BOSTON MEDICAL CENTER OUTPATIENT CLINIC,"780 ALBANY STREET, BOSTON, MA 02118",Short-Term Acute Care,0,Not Accredited,Unknown,221814,19940701
FAC-0090,LOWELL COMMUNITY HEALTH CENTER,"585 MERRIMACK STREET, LOWELL, MA 01852",Short-Term Acute Care,0,Not Accredited,Unknown,221815,19911001
FAC-0091,MCINNIS HEALTH GROUP,"780 ALBANY ST, BOSTON, MA 02118",Short-Term Acute Care,0,Not Accredited,Unknown,221816,19930201
FAC-0092,SALEM FAMILY HEALTH CENTER,"47 CONGRESS STREET, SALEM, MA 01970",Short-Term Acute Care,0,Not Accredited,Unknown,221817,19911001
FAC-0093,GREAT BROOK VALLEY HEALTH CENTER,"32 GREAT BROOK VALLEY AVENUE, WORCESTER, MA 01605",Short-Term Acute Care,0,Not Accredited,Unknown,221818,19911001
FAC-0094,HOLYOKE HEALTH CENTER,"30 CENTER STREET, HOLYOKE, MA 01040",Short-Term Acute Care,0,Not Accredited,Unknown,221819,19911001
FAC-0095,SOUTH COVE COMMUNITY  HEALTH CENTER,"885 WASHINGTON STREET, BOSTON, MA 02111",Short-Term Acute Care,0,Not Accredited,Unknown,221821,19911001
FAC-0096,GREATER NEW BEDDFORD COMMUNITY HEALTH CENTER,"874 PURCHASE STREET, NEW BEDFORD, MA 02740",Short-Term Acute Care,0,Not Accredited,Unknown,221822,19930701
FAC-0097,HARVARD STREET NEIGHBORHOOD HEALTH CENTER,"632 BLUE  HILL AVENUE, BOSTON, MA 02121",Short-Term Acute Care,0,Not Accredited,Unknown,221823,19931026
FAC-0098,WHITTIER STREET NEIGHBORHOOD HEALTH CENTER,"20 WHITTIER STREET, ROXBURY, MA 02120",Short-Term Acute Care,0,Not Accredited,Unknown,221824,19931112
FAC-0099,ROXBURY COMPREHENSIVE COMMUNITY HEALTH CENTER,"435 WARREN STREET, ROXBURY, MA 02119",Short-Term Acute Care,0,Not Accredited,Unknown,221825,19931110
FAC-0100,MANET COMMUNITY HEALTH CENTER - NORTH QUINCY,"110 WEST SQUANTUM STREET, NORTH QUINCY, MA 02171",Short-Term Acute Care,0,Not Accredited,Unknown,221827,19940228
FAC-0101,UPHAM'S CORNER HEALTH CENTER,"500 COLUMBIA ROAD, DORCHESTER, MA 02125",Short-Term Acute Care,0,Not Accredited,Unknown,221828,19940824
FAC-0102,SPRINGFIELD SOUTH WEST COMMUNITY HEALTH CENTER,"1145 MAIN STREET, SUITE 301, SPRINGFIELD, MA 01103",Short-Term Acute Care,0,Not Accredited,Unknown,221829,19941107
FAC-0103,"BROCKTON NEIGHBORHOOD HEALTH CENTER, INC","63 MAIN STREET, BROCKTON, MA 02301",Short-Term Acute Care,0,Not Accredited,Unknown,221830,19950119
FAC-0104,"MANET COMMUNITY HEALTH CENTER, INC AT HOUGHS NECK","1193 SEA STREET, QUINCY, MA 02169",Short-Term Acute Care,0,Not Accredited,Unknown,221839,19920801
FAC-0105,"HILLTOWN COMMUNITY HEALTH CENTERS, INC","73 RUSSELL ROAD, HUNTINGTON, MA 01050",Short-Term Acute Care,0,Not Accredited,Unknown,221840,19950101
FAC-0106,HOLYOKE FAMILY CARE WOMEN'S CENTER,"384 HIGH STREET, HOLYOKE, MA 01040",Short-Term Acute Care,0,Not Accredited,Unknown,221842,19970626
FAC-0107,COMMUNITY HEALTH CENTER OF FRANKLIN COUNTY,"489 BERNARDSTON RD #108, GREENFIELD, MA 01301",Short-Term Acute Care,0,Not Accredited,Unknown,221844,20010222
FAC-0108,COMMUNITY HEALTH CONNECTIONS,"326 NICHOLS ROAD, FITCHBURG, MA 01420",Short-Term Acute Care,0,Not Accredited,Unknown,221845,20020101
FAC-0109,"COMMUNITY HEALTH PROGRAMS, INC","444 STOCKBRIDGE ROAD, GREAT BARRINGTON, MA 01230",Short-Term Acute Care,0,Not Accredited,Unknown,221847,20020621
FAC-0110,DUFFY HEALTH CENTER,"94 MAIN STREET, HYANNIS, MA 02601",Short-Term Acute Care,0,Not Accredited,Unknown,221849,20031205
FAC-0111,MID UPPER CAPE COMMUNITY HEALTH CENTER,"30 ELM STREET, HYANNIS, MA 02601",Short-Term Acute Care,0,Not Accredited,Unknown,221850,20031215
FAC-0112,CHICOPEE HEALTH CENTER,"505 FRONT STREET, CHICOPEE, MA 01013",Short-Term Acute Care,0,Not Accredited,Unknown,221852,20040302
FAC-0113,MOHAWK TRAIL REGIONAL SCHOOL BASED HEALTH CARE CTR,"26 ASHFILED ROAD, SHELBURNE FALLS, MA 01370",Short-Term Acute Care,0,Not Accredited,Unknown,221855,20040428
FAC-0114,PIONEER VALLEY REGIONAL SCHOOL BASED HEALTH CENTER,"97F SUMNER TURNER ROAD, NORTHFIELD, MA 01360",Short-Term Acute Care,0,Not Accredited,Unknown,221856,20040428
FAC-0115,HARVARD STREET NEIGHBORHOOD HEALTH CENTER,"895 BLUE HILL AVENUE, BOSTON, MA 02121",Short-Term Acute Care,0,Not Accredited,Unknown,221857,20041102
FAC-0116,LOWELL COMMUNITY HEALTH CENTER,"161 JACKSON ST, LOWELL, MA 01852",Short-Term Acute Care,0,Not Accredited,Unknown,221859,20041214
FAC-0117,JOSEPH M SMITH COMMUNITY HEALTH CENTER,"43 FOUNDRY AVE, WALTHAM, MA 02453",Short-Term Acute Care,0,Not Accredited,Unknown,221861,20050113
FAC-0118,"DIMOCK COMMUNITY HEALTH CENTER, INC","55 DIMOCK STREET, BOSTON, MA 02119",Short-Term Acute Care,0,Not Accredited,Unknown,221862,20050127
FAC-0119,LOWELL COMMUNITY HEALTH CENTER,"135 JACKSON STREET, LOWELL, MA 01854",Short-Term Acute Care,0,Not Accredited,Unknown,221863,20041210
FAC-0120,MANET COMMUNITY HEALTH CENTER INC QUINCY MED CTR,"114 WHITWELL STREET 2ND FLOOR, QUINCY, MA 02169",Short-Term Acute Care,0,Not Accredited,Unknown,221864,20050316
FAC-0121,MANET COMMUNITY HEALTH CENTER INC SNUG HARBOR,"9 BICKNELL STREET, QUINCY, MA 02169",Short-Term Acute Care,0,Not Accredited,Unknown,221865,20050316
FAC-0122,MANET COMMUNITY HEALTH CENTER INC AT HULL,"180 GEORGE WASHINGTON BOULEVARD, HULL, MA 02045",Short-Term Acute Care,0,Not Accredited,Unknown,221866,20050316
FAC-0123,"FENWAY COMMUNITY HEALTH CENTER, INC","7 HAVILAND STREET, BOSTON, MA 02115",Short-Term Acute Care,0,Not Accredited,Unknown,221867,20050412
FAC-0124,COMMUNITY HEALTH CONNECTIONS GARDNER HEALTH CENTER,"175 CONNORS ST, GARDNER, MA 01440",Short-Term Acute Care,0,Not Accredited,Unknown,221868,20050414
FAC-0125,MCINNIS HEALTH GROUP,"363 ALBANY STREET, BOSTON, MA 02118",Short-Term Acute Care,0,Not Accredited,Unknown,221869,20061002
FAC-0126,MCINNIS HEALTH GROUP,"444 HARRISON AVE, BOSTON, MA 02118",Short-Term Acute Care,0,Not Accredited,Unknown,221870,20061002
FAC-0127,COMMUNITY HEALTH CENTER OF FRANKLIN COUNTY INCORPO,"450 WEST RIVER ST, ORANGE, MA 01364",Short-Term Acute Care,0,Not Accredited,Unknown,221871,20060925
FAC-0128,STANLEY STREET TREATMENT AND RESOURCES INC,"386 STANLEY ST, FALL RIVER, MA 02720",Short-Term Acute Care,0,Not Accredited,Unknown,221872,20061102
FAC-0129,CAPE COD FREE CLINIC AND COMMUNITY HLTH CTR,"107 COMMERCIAL ST, MASHPEE, MA 02649",Short-Term Acute Care,0,Not Accredited,Unknown,221873,20070626
FAC-0130,SOUTH END COMMUNITY HEALTH CENTER,"1601 WASHINGTON STREET, BOSTON, MA 02118",Short-Term Acute Care,0,Not Accredited,Unknown,221876,20070910
FAC-0131,MARKET SQUARE FAMILY HEALTH SERVICES,"29 MARKET SQUARE, LYNN, MA 01905",Short-Term Acute Care,0,Not Accredited,Unknown,221878,20080214
FAC-0132,MARKET SQUARE FAMILY HEALTH SERICES AT WESTERN AVE,"694 WESTERN AVE, LYNN, MA 01905",Short-Term Acute Care,0,Not Accredited,Unknown,221879,20080214
FAC-0133,LYNN COMMUNITY HEALTH CENTER BEHAVIORAL HEALTH SER,"298 UNION ST, LYNN, MA 01901",Short-Term Acute Care,0,Not Accredited,Unknown,221880,20080214
FAC-0134,JOSEPH M SMITH COMMUNITY HEALTH CENTER,"30 ATHOL ST, ALLSTON, MA 02134",Short-Term Acute Care,0,Not Accredited,Unknown,221881,20080421
FAC-0135,"CARING HEALTH CENTER, INC","532 SUMNER AVENUE, SPFLD, MA 01108",Short-Term Acute Care,0,Not Accredited,Unknown,221883,20080609
FAC-0136,HOPEFOUND/SHATTUCK SHELTER CLINIC,"170 MORTON STREET, BOSTON, MA 02130",Short-Term Acute Care,0,Not Accredited,Unknown,221884,20090306
FAC-0137,"SOUTH COVE COMMUNITY HEALTH CENTER, INC","145 SOUTH STREET, BOSTON, MA 02111",Short-Term Acute Care,0,Not Accredited,Unknown,221885,20110124
FAC-0138,LONG ISLAND SHELTER,"112 SOUTHAMPTON STREET (SOUTHAMPTON ST SHELTER), BOSTON, MA 02118",Short-Term Acute Care,0,Not Accredited,Unknown,221887,20090306
FAC-0139,MCINNIS HEALTH GROUP,"17 COURT STREET, BOSTON, MA 02108",Short-Term Acute Care,0,Not Accredited,Unknown,221888,20090306
FAC-0140,MCINNIS HEALTH GROUP,"39 BOYLSTON STREET, 2, BOSTON, MA 02116",Short-Term Acute Care,0,Not Accredited,Unknown,221889,20090306
FAC-0141,MCINNIS HEALTH GROUP,"WACC 108, BOSTON, MA 02114",Short-Term Acute Care,0,Not Accredited,Unknown,221890,20090306
FAC-0142,COMMUNITY HEALTH CENTER OF CAPE COD-BOURNE,"123 WATERHOUSE ROAD, BOURNE, MA 02532",Short-Term Acute Care,0,Not Accredited,Unknown,221891,20090227
FAC-0143,THE VISION CENTER AT JOSEPH M SMITH COMM HLTH CTR,"495 WESTERN AVENUE, ALLSTON, MA 02134",Short-Term Acute Care,0,Not Accredited,Unknown,221892,20090428
FAC-0144,LEOMINSTER COMUNITY HEALTH CENTER,"14 MANNING AVE, SUITE402, LEOMINSTER, MA 01453",Short-Term Acute Care,0,Not Accredited,Unknown,221893,20090327
FAC-0145,"SOUTH COVE COMMUNITY HEALTH CENTER, INC","435 HANCOCK STREET, QUINCY, MA 02171",Short-Term Acute Care,0,Not Accredited,Unknown,221894,20110124
FAC-0146,LYNN CMMNTY HLTH CNTR PRIMARY CARE & BEHAVIORAL,"280 UNION STREET, LYNN, MA 01901",Short-Term Acute Care,0,Not Accredited,Unknown,221895,20110119
FAC-0147,LYNN COMMUNITY HLTH CNTR BEHAVIORAL HLTH SERVICES,"20 CENTRAL AVENUE 1ST AND 3RD FLOORS, LYNN, MA 01901",Short-Term Acute Care,0,Not Accredited,Unknown,221896,20110124
FAC-0148,"GREATER LAWRENCE FAMILY HEALTH CENTER, INC","70-71 N PARRISH ROAD, LAWRENCE, MA 01843",Short-Term Acute Care,0,Not Accredited,Unknown,221897,20110617
FAC-0149,"GREATER LAWRENCE FAMILY HEALTH CENTER, INC","700 ESSEX STREET, LAWRENCE, MA 01841",Short-Term Acute Care,0,Not Accredited,Unknown,221898,20110617
FAC-0150,"GREATER LAWRENCE FAMILY HEALTH CENTER, INC","57 RIVER ROAD, ANDOVER, MA 01810",Short-Term Acute Care,0,Not Accredited,Unknown,221899,20110617
FAC-0151,"GREATER LAWRENCE FAMILY HEALTH CENTER, INC","73D WINTHROP AVENUE, PLAZA 114, LAWRENCE, MA 01843",Short-Term Acute Care,0,Not Accredited,Unknown,221900,20110617
FAC-0152,"GREATER LAWRENCE FAMILY HEALTH CENTER, INC","34 HAVERHILL STREET, LAWRENCE, MA 01841",Short-Term Acute Care,0,Not Accredited,Unknown,221901,20110617
FAC-0153,COMMUNITY HEALTH CENTER OF CAPE COD-FALMOUTH,"210 JONES ROAD-UNIT 22, FALMOUTH, MA 02540",Short-Term Acute Care,0,Not Accredited,Unknown,221902,20110707
FAC-0154,FENWAY SOUTH END,"142 BERKELEY STREET, BOSTON, MA 02116",Short-Term Acute Care,0,Not Accredited,Unknown,221904,20110714
FAC-0155,CHP NEIGHBORHOOD HEALTH CENTER,"510 NORTH STREET, PITTSFIELD, MA 01201",Short-Term Acute Care,0,Not Accredited,Unknown,221905,20110915
FAC-0156,CHP BARRINGTON OB/GYN,"780 MAIN STREET, GREAT BARRINGTON, MA 01230",Short-Term Acute Care,0,Not Accredited,Unknown,221906,20111216
FAC-0157,OUTER CAPE HEALTH SERVICES INC,"710 MAIN STREET, HARWICH PORT, MA 02646",Short-Term Acute Care,0,Not Accredited,Unknown,221907,20120203
FAC-0158,"GREATER LAWRENCE FAMILY HEALTH CENTER, INC","1 GENERAL STREET, LAWRENCE, MA 01841",Short-Term Acute Care,0,Not Accredited,Unknown,221908,20120203
FAC-0159,CHP LEE FAMILY PRACTICE,"11 QUARRY HILL ROAD, LEE, MA 01238",Short-Term Acute Care,0,Not Accredited,Unknown,221909,20120229
FAC-0160,HELEN B BOWDITCH HEALTH CENTER,"23 NORTH ASHLAND STREET, WORCESTER, MA 01609",Short-Term Acute Care,0,Not Accredited,Unknown,221910,20120717
FAC-0161,SSTAR SOUTH END SERVICES,"1010 SOUTH MAIN STREET, FALL RIVER, MA 02724",Short-Term Acute Care,0,Not Accredited,Unknown,221911,20120717
FAC-0162,"EDWARD M KENNEDY COMMUNITY HEALTH CENTER, INC","72 UNION AVENUE, FRAMINGHAM, MA 01702",Short-Term Acute Care,0,Not Accredited,Unknown,221912,20120717
FAC-0163,"EDWARD M KENNEDY COMMUNITY HEALTH CENTER, INC","354 WAVERLY STREET, FRAMINGHAM, MA 01702",Short-Term Acute Care,0,Not Accredited,Unknown,221913,20120717
FAC-0164,SPECTRUM HEALTH SERVICES PRIMARY CARE,"585 LINCOLN STREET, WORCESTER, MA 01605",Short-Term Acute Care,0,Not Accredited,Unknown,221914,20120717
FAC-0165,"GREATER LAWRENCE FAMILY HEALTH CENTER, INC","70 EAST STREET, METHUEN, MA 01844",Short-Term Acute Care,0,Not Accredited,Unknown,221915,20130314
FAC-0166,PEABODY FAMILY HEALTH CENTER,"89 FOSTER STREET, PEABODY, MA 01960",Short-Term Acute Care,0,Not Accredited,Unknown,221916,20130422
FAC-0167,GLOUCESTER FAMILY HEALTH CENTER,"302 WASHINGTON STREET, GLOUCESTER, MA 01930",Short-Term Acute Care,0,Not Accredited,Unknown,221917,20130422
FAC-0168,SOUTH COVE COMMUNITY HEALTH CENTER,"88 HOLMES STREET, QUINCY, MA 02171",Short-Term Acute Care,0,Not Accredited,Unknown,221918,20131230
FAC-0169,COBBET ELEMENTARY SCHOOL,"40 FRANKLIN STREET, LYNN, MA 01902",Short-Term Acute Care,0,Not Accredited,Unknown,221919,20131118
FAC-0170,EDWARD M KENNEDY COMMUNITY HEALTH CENTER INC,"42 CAPE ROAD, MILFORD, MA 01757",Short-Term Acute Care,0,Not Accredited,Unknown,221920,20140407
FAC-0171,HARBOR COMMUNITY HEALTH CENTER - PLYMOUTH,"10 CORDAGE PARK CIR 115, PLYMOUTH, MA 02360",Short-Term Acute Care,0,Not Accredited,Unknown,221921,20140508
FAC-0172,"MANET COMMUNITY HEALTH CENTER, INC AT TAUNTON","1 WASHINGTON STREET, TAUNTON, MA 02780",Short-Term Acute Care,0,Not Accredited,Unknown,221923,20140619
FAC-0173,FHCW INC AT WEBSTER SQUARE,"645 PARK AVENUE, WORCESTER, MA 01603",Short-Term Acute Care,0,Not Accredited,Unknown,221924,20140721
FAC-0174,COMMUNITY HEALTHLINK INC,"162 CHANDLER STREET, WORCESTER, MA 01609",Short-Term Acute Care,0,Not Accredited,Unknown,221925,20140731
FAC-0175,HEALTH SERVICES FOR THE HOMELESS HEALTH CENTER,"755 WORTHINGTON STREET, SPRINGFIELD, MA 01105",Short-Term Acute Care,0,Not Accredited,Unknown,221926,20140902
FAC-0176,"COMMUNITY HEALTH CONNECTIONS, INC","140 ARNHOW FARM ROAD, FITCHBURG, MA 01420",Short-Term Acute Care,0,Not Accredited,Unknown,221927,20141219
FAC-0177,TRACEY ELEMENTARY SCHOOL,"35 WALNUT STREET, LYNN, MA 01905",Short-Term Acute Care,0,Not Accredited,Unknown,221928,20141117
FAC-0178,FORD ELEMENTARY SCHOOL,"49 HOLLINGSWORTH STREET, LYNN, MA 01902",Short-Term Acute Care,0,Not Accredited,Unknown,221929,20141117
FAC-0179,BRICKETT ELEMENTARY SCHOOL,"123 LEWIS STREET, LYNN, MA 01902",Short-Term Acute Care,0,Not Accredited,Unknown,221930,20141117
FAC-0180,CHP ADAMS INTERNISTS,"19 DEPOT STREET, ADAMS, MA 01220",Short-Term Acute Care,0,Not Accredited,Unknown,221931,20150819
FAC-0181,PEABODY VETERANS MEMORIAL HIGHT SCHOOL HEALTH CENT,"485 LOWELL STREET, PEABODY, MA 01960",Short-Term Acute Care,0,Not Accredited,Unknown,221932,20150827
FAC-0182,CHP NORTH ADAMS FAMILY MEDICAL AND DENTAL CENTER,"71 HOSPITAL AVE, BROOKLINE VILLAGE, MA 02147",Short-Term Acute Care,0,Not Accredited,Unknown,221933,20151105
FAC-0183,GREATER NEW BEDFORD COMMUNITY HEALTH CENTER,"127 MARRION DRIVE, WAREHAM, MA 02571",Short-Term Acute Care,0,Not Accredited,Unknown,221934,20151111
FAC-0184,UPHAMS CORNER HEALTH CENTER,"636  COLUMBIA RD MAIL STOP 415-01, DORCHESTER, MA 02125",Short-Term Acute Care,0,Not Accredited,Unknown,221935,20151211
FAC-0185,UPHAMS CORNER HEALTH COMMITTE INC,"415 COLUMBIA RD, MAIL STOP 415-01, BOSTON, MA 02125",Short-Term Acute Care,0,Not Accredited,Unknown,221936,20151217
FAC-0186,THE TEEN HEALTH CENTER SALEM HIGH SCHOOL,"77 WILLSON STREET, SALEM, MA 01970",Short-Term Acute Care,0,Not Accredited,Unknown,221937,20160322
FAC-0187,GATEWAY SCHOOL-BASED HEALTH CENTER,"12 LITTLEVILLE RD, CRESCENT MILLS, MA 01050",Short-Term Acute Care,0,Not Accredited,Unknown,221938,20160831
FAC-0188,EDWARD M KENNEDY COMMUNITY HEALTH CENTER,"631 LINCOLN STREET, WORCESTER, MA 01605",Short-Term Acute Care,0,Not Accredited,Unknown,221939,20160912
FAC-0189,ISLAND HEALTH INC,"245 EDGARTOWN VINEYARD HAVEN RD, CHAPPAQUIDDICK ISLAN, MA 02539",Short-Term Acute Care,0,Not Accredited,Unknown,221941,20170106
FAC-0190,LYNN CHC SBHC CONNERY ELEMENTRY,"50 ELM STREET, LYNN, MA 01905",Short-Term Acute Care,0,Not Accredited,Unknown,221942,20170105
FAC-0191,LYNN COMMUNITY HEALTH INC,"200 O'CALLAGHAN WAY, EAST LYNN, MA 01904",Short-Term Acute Care,0,Not Accredited,Unknown,221943,20170125
FAC-0192,NORTH SHORE COMMUNITY HEALTH INC,"79 WILLSON STREET, SALEM, MA 01970",Short-Term Acute Care,0,Not Accredited,Unknown,221945,20171012
FAC-0193,NORTH SHORE COMMUNITY HEALTH INC,"29 HIGHLAND AVE, SALEM, MA 01970",Short-Term Acute Care,0,Not Accredited,Unknown,221946,20171013
FAC-0194,CHP BERKSHIRE PEDIATRICS,"777 NORTH STREET, PITTSFIELD, MA 01201",Short-Term Acute Care,0,Not Accredited,Unknown,221947,20171109
FAC-0195,"COMMUNITY HEALTH CONNECTIONS, INC","130 WATER STREET SUITE 4, FITCHBURG, MA 01420",Short-Term Acute Care,0,Not Accredited,Unknown,221948,20180323
FAC-0196,JOHN P MUSANTE HEALTH CENTER,"70 BOLTWOOD WALK, AMHERST, MA 01002",Short-Term Acute Care,0,Not Accredited,Unknown,221949,20180608
FAC-0197,SOUGH COVE COMMUNITY HEALTH CENTER INC,"277 COMMERCIAL STREET, MALDEN, MA 02148",Short-Term Acute Care,0,Not Accredited,Unknown,221950,20180611
FAC-0198,WASHINGTON ELEMENTARY SCHOOL,"58 BLOSSOM STREET, LYNN, MA 01902",Short-Term Acute Care,0,Not Accredited,Unknown,221951,20190107
FAC-0199,DREWITZ ELEMENTARY SCHOOL,"34 HOOD STREET, LYNN, MA 01905",Short-Term Acute Care,0,Not Accredited,Unknown,221952,20190107
FAC-0200,COMMUNITY HEALTH CENTER OF CAPE CODE-CENTERVILLE,"1185 FALMOUTH RD, CENTERVILLE, MA 02632",Short-Term Acute Care,0,Not Accredited,Unknown,221953,20200215
FAC-0201,FAMILY HEALTH CENTER - HOAP,"199 CHANDLER ST, FL 4, WORCESTER, MA 01609",Short-Term Acute Care,0,Not Accredited,Unknown,221954,20200410
FAC-0202,HAVERHILL FAMILY HEALTH CENTER,"755 MAIN STREET, FIRST FLOOR, UNIT C, HAVERHILL, MA 01830",Short-Term Acute Care,0,Not Accredited,Unknown,221955,20201119
FAC-0203,COMMUNITY HEALTH CENTER OF CAPE COD INC,"90 ROUTE 6A, UNIT 4C, SANDWICH, MA 02563",Short-Term Acute Care,0,Not Accredited,Unknown,221956,20210122
FAC-0204,MANET COMMUNITY HEALTH CENTER INC,"110  W. SQUANTUM ST, QUINCY, MA 02171",Short-Term Acute Care,0,Not Accredited,Unknown,221957,20211105
FAC-0205,MCINNIS HEALTH GROUP,"1785 COLUMBUS AVE, STE 200, ROXBURY, MA 02119",Short-Term Acute Care,0,Not Accredited,Unknown,221958,20220202
FAC-0206,MANET COMMUNITY HEALTH CENTER ATTLEBORO,"8 N MAIN ST, ATTLEBORO, MA 02703",Short-Term Acute Care,0,Not Accredited,Unknown,221959,20220307
FAC-0207,LYNN COMMUNITY HEALTH INC,"73 BUFFUM ST, LYNN, MA 01902",Short-Term Acute Care,0,Not Accredited,Unknown,221960,20220523
FAC-0208,LYNN COMMUNITY HEALTH INC,"40 NEPTUNE BLVD, LYNN, MA 01902",Short-Term Acute Care,0,Not Accredited,Unknown,221961,20220523
FAC-0209,LEOMINSTER COMMUNITY HEALTH AND URGENT CARE CENTER,"165 MILL ST, LEOMINSTER, MA 01453",Short-Term Acute Care,0,Not Accredited,Unknown,221962,20220809
FAC-0210,COMMUNITY HEALTH CENTER OF CAPE COD INC,"26 EDGERTON DR NORTH, N FALMOUTH, MA 02556",Short-Term Acute Care,0,Not Accredited,Unknown,221963,20220830
FAC-0211,CHESTNUT HILL BENEVOLENT ASSOCIATION,"910 BOYLSTON STREET, CHESTNUT HILL, MA 02167",Psychiatric,28,Active,Unknown,221990,20230920
FAC-0212,SPAULDING HOSPITAL FOR CONTINUING MED CARE-CAMB,"1575 CAMBRIDGE STREET, CAMBRIDGE, MA 02138",Long-Term Care,180,Active,Unknown,222000,20080327
FAC-0213,PAM HEALTH SPECIALTY HOSPITAL OF STOUGHTON,"909 SUMNER STREET 1ST FLOOR, STOUGHTON, MA 02072",Long-Term Care,198,Active,Unknown,222002,20131108
FAC-0214,TEWKSBURY HOSPITAL,"365 EAST STREET, TEWKSBURY, MA 01876",Long-Term Care,760,Active,Unknown,222003,20130114
FAC-0215,LEMUEL SHATTUCK HOSPITAL,"170 MORTON STREET, JAMAICA PLAIN, MA 02130",Long-Term Care,260,Active,Unknown,222006,20151110
FAC-0216,HEBREW REHABILITATION CENTER,"1200 CENTRE STREET, BOSTON, MA 02131",Long-Term Care,675,Active,Unknown,222007,20220311
FAC-0217,WESTERN MASSACHUSETTS HOSPITAL,"91 EAST MOUNTAIN ROAD, WESTFIELD, MA 01085",Long-Term Care,102,Active,Unknown,222023,20151204
FAC-0218,VIBRA HOSPITAL OF SOUTHEASTERN MASSACHUSETTS,"4499 ACUSHNET AVENUE, NEW BEDFORD, MA 02745",Long-Term Care,90,Active,Unknown,222043,19990902
FAC-0219,VIBRA HOSPITAL OF WESTERN MASS - CENTRAL CAMPUS,"111 HUNTOON MEMORIAL HIGHWAY, 1ST FLOOR, ROCHDALE, MA 01542",Long-Term Care,174,Active,Unknown,222046,20150507
FAC-0220,WHITTIER REHABILITATION HOSPITAL - BRADFORD,"145 WARD HILL AVENUE, BRADFORD, MA 01835",Long-Term Care,60,Active,Unknown,222047,20051001
FAC-0221,WHITTIER REHABILITATION HOSPITAL,"150 FLANDERS ROAD, WESTBOROUGH, MA 01581",Long-Term Care,88,Active,Unknown,222048,20110516
FAC-0222,ST ELIZABETH'S RENAL DIALYSIS CENTER,"736 CAMBRIDGE STREET, BRIGHTON, MA 02135",Short-Term Acute Care,0,Active,Unknown,222303,20190619
FAC-0223,MASSACHUSETTS GENERAL HOSPITAL - ESRD,"55 FRUIT STREET, BOSTON, MA 02114",Short-Term Acute Care,0,Active,Unknown,222306,20230323
FAC-0224,BRIGHAM AND WOMENS HOSP - ESRD,"75 FRANCIS STREET, BOSTON, MA 02115",Short-Term Acute Care,0,Active,Unknown,222309,20230516
FAC-0225,CHILDREN'S HOSP MED CTR - ESRD,"300 LONGWOOD AVENUE, BOSTON, MA 02115",Short-Term Acute Care,0,Active,Unknown,222312,20240215
FAC-0226,NANTUCKET COTTAGE HOSP-ESRD,"SOUTH PROSPECT STREET, NANTUCKET, MA 02554",Short-Term Acute Care,0,Active,Unknown,222315,20230427
FAC-0227,UNIVERSITY OF MA MED CTR-ESRD,"55 LAKE AVENUE NORTH, WORCESTER, MA 01655",Short-Term Acute Care,0,Active,Unknown,222316,20250624
FAC-0228,MARTHA'S VINEYARD HOSP - ESRD,"LINTON LANE, PO BOX 1477, OAK BLUFFS, MA 02557",Short-Term Acute Care,0,Active,Unknown,222318,20241022
FAC-0229,BMC SOUTH COUNTY DIALYSIS CENTER,"10 MAPLE AVENUE, GREAT BARRINGTON, MA 01230",Short-Term Acute Care,0,Active,Unknown,222321,20190806
FAC-0230,"KIDNEY CENTER, THE","888 COMMONWEALTH AVENUE, BOSTON, MA 02215",Short-Term Acute Care,0,Active,Unknown,222500,20220601
FAC-0231,FRESENIUS MEDICAL CARE CAPE COD,"241 WILLOW STREET, YARMOUTH PORT, MA 02675",Short-Term Acute Care,0,Active,Unknown,222501,20230504
FAC-0232,WESTERN MASS KIDNEY CENTER,"2000 MAIN STREET, SPRINGFIELD, MA 01103",Short-Term Acute Care,0,Active,Unknown,222502,20220414
FAC-0233,HAWTHORN KIDNEY CENTER LLC,"537 FAUNCE CORNER ROAD, DARTMOUTH, MA 02747",Short-Term Acute Care,0,Active,Unknown,222503,20240530
FAC-0234,FRESENIUS MEDICAL CARE FRAMINGHAM,"110 MOUNT WAYTE AVENUE, FRAMINGHAM, MA 01702",Short-Term Acute Care,0,Active,Unknown,222504,20230329
FAC-0235,BROCKTON DIALYSIS CENTER LLC,"375 WESTGATE DRIVE, BROCKTON, MA 02301",Short-Term Acute Care,0,Active,Unknown,222505,20250513
FAC-0236,MEDFORD DIALYSIS CENTER,"305 MYSTIC AVE, MEDFORD, MA 02155",Short-Term Acute Care,0,Active,Unknown,222507,20240321
FAC-0237,"DIALYSIS CLINIC, INC","35 KNEELAND STREET, BOSTON, MA 02111",Short-Term Acute Care,0,Active,Unknown,222508,20221122
FAC-0238,BMA WESTWOOD,"90 GLACIER DRIVE, WESTWOOD, MA 02090",Short-Term Acute Care,0,Active,Unknown,222511,20250702
FAC-0239,NORTH SUBURBAN DIALYSIS CENTER,"124 BROADWAY, SAUGUS, MA 01906",Short-Term Acute Care,0,Active,Unknown,222512,20250108
FAC-0240,SOUTH SUBURBAN DIALYSIS CENTER,"241 PARKINGWAY, QUINCY, MA 02169",Short-Term Acute Care,0,Active,Unknown,222515,20240328
FAC-0241,FALL RIVER KIDNEY CENTER LLC,"48 WEAVER STREET, FALL RIVER, MA 02720",Short-Term Acute Care,0,Active,Unknown,222516,20250312
FAC-0242,WEYMOUTH DIALYSIS,"330 LIBBEY INDUSTRIAL PARKWAY, SUITE 900, WEYMOUTH, MA 02189",Short-Term Acute Care,0,Active,Unknown,222517,20230126
FAC-0243,QCDC WEYMOUTH,"2 WEST STREET, UNIT 1, STETSON WEST, WEYMOUTH, MA 02190",Short-Term Acute Care,0,Active,Unknown,222519,20230525
FAC-0244,WOBURN DIALYSIS,"23 WARREN AVENUE, WOBURN, MA 01801",Short-Term Acute Care,0,Active,Unknown,222520,20250129
FAC-0245,UNIVERSITY DIALYSIS CENTER,"239-243 BOSTON TURNPIKE ROAD, SHREWSBURY, MA 01545",Short-Term Acute Care,0,Active,Unknown,222521,20250319
FAC-0246,PURE LIFE RENAL OF STOUGHTON,"907 SUMNER STREET, SUITE M107, STOUGHTON, MA 02072",Short-Term Acute Care,0,Active,Unknown,222523,20220426
FAC-0247,FRESENIUS MEDICAL CARE OF STONEHAM,"2 MAIN STREET, SUITE 100, STONEHAM, MA 02180",Short-Term Acute Care,0,Active,Unknown,222524,20250122
FAC-0248,MARY ELIZA MAHONEY DIALYSIS CTR,"416 WARREN STREET, ROXBURY, MA 02119",Short-Term Acute Care,0,Active,Unknown,222525,20221110
FAC-0249,BOSTON DIALYSIS,"660 HARRISON AVENUE, BOSTON, MA 02118",Short-Term Acute Care,0,Active,Unknown,222526,20241031
FAC-0250,BROOKLINE DIALYSIS,"322 W ASHINGTON STREET, BROOKLINE, MA 02445",Short-Term Acute Care,0,Active,Unknown,222529,20231116
FAC-0251,NEW BEDFORD DIALYSIS,"237-B STATE ROAD, DARTMOUTH, MA 02747",Short-Term Acute Care,0,Active,Unknown,222530,20240606
FAC-0252,NORTHEAST CAMBRIDGE DIALYSIS,"799 CONCORD AVENUE, CAMBRIDGE, MA 02138",Short-Term Acute Care,0,Active,Unknown,222533,20250507
FAC-0253,WELLESLEY DIALYSIS LLC,"195 WORCESTER STREET, WELLESLEY FMS, MA 02481",Short-Term Acute Care,0,Active,Unknown,222534,20220420
FAC-0254,EAST SPRINGFIELD DIALYSIS CTR,"1515 STATE STREET, SPRINGFIELD, MA 01109",Short-Term Acute Care,0,Active,Unknown,222535,20231207
FAC-0255,PHYSICIANS DIALYSIS-FITCHBURG,"551 ELECTRIC AVENUE, FITCHBURG, MA 01420",Short-Term Acute Care,0,Active,Unknown,222536,20220506
FAC-0256,HAMPSHIRE COUNTY DIALYSIS CTR,"84 CONZ STREET, NORTHAMPTON, MA 01060",Short-Term Acute Care,0,Active,Unknown,222537,20240925
FAC-0257,PIONEER VALLEY DIALYSIS CENTER,"208 ASHLEY AVENUE, WEST SPRINGFIELD, MA 01089",Short-Term Acute Care,0,Active,Unknown,222538,20250328
FAC-0258,YANKEE FAMILY DIALYSIS,"115 WILDWOOD AVENUE, GREENFIELD, MA 01301",Short-Term Acute Care,0,Active,Unknown,222539,20240515
FAC-0259,WELLINGTON CIRCLE DIALYSIS CENTER,"10 CABOT ROAD, SUITE 103 B, MEDFORD, MA 02155",Short-Term Acute Care,0,Active,Unknown,222542,20241205
FAC-0260,SALEM NORTHEAST DIALYSIS,"207 HIGHLAND AVENUE, SUITE 2, SALEM, MA 01970",Short-Term Acute Care,0,Active,Unknown,222543,20240222
FAC-0261,NORTH ANDOVER RENAL CENTER,"201 SUTTON STREET, NORTH ANDOVER, MA 01845",Short-Term Acute Care,0,Active,Unknown,222545,20221201
FAC-0262,PEABODY DIALYSIS CENTER,"19A CENTENNIAL DRIVE, PEABODY, MA 01960",Short-Term Acute Care,0,Active,Unknown,222546,20240307
FAC-0263,NORWOOD DIALYSIS CENTER,"101 ACCESS ROAD, NORWOOD, MA 02062",Short-Term Acute Care,0,Active,Unknown,222548,20180413
FAC-0264,DCI BALL SQUARE - ESRD,"643 BROADWAY, SOMERVILLE, MA 02145",Short-Term Acute Care,0,Active,Unknown,222549,20240314
FAC-0265,NORTH SHORE REG DIALYSIS CTR,"133 BRIMBALL AVENUE, UNIT E, BEVERLY, MA 01915",Short-Term Acute Care,0,Active,Unknown,222550,20221229
FAC-0266,FRESENIUS MEDICAL CARE OF BLACKSTONE VALLEY,"42 CAPE ROAD, MILFORD, MA 01757",Short-Term Acute Care,0,Active,Unknown,222551,20241010
FAC-0267,DCI BRIGHAM/FAULKNER - ESRD,"1153 CENTRE STREET, BOSTON, MA 02130",Short-Term Acute Care,0,Active,Unknown,222552,20230406
FAC-0268,FRESENIUS MEDICAL CARE OF MASHPEE - DIALYSIS SERV,"34 BATES ROAD, SUITE 201, MASHPEE, MA 02649",Short-Term Acute Care,0,Active,Unknown,222553,20240522
FAC-0269,BURLINGTON REGIONAL DIALYSIS,"31 MALL ROAD, SUITE 1B, BURLINGTON, MA 01805",Short-Term Acute Care,0,Active,Unknown,222556,20220512
FAC-0270,PALMER DIALYSIS CENTER,"42 WRIGHT STREET, PALMER, MA 01069",Short-Term Acute Care,0,Active,Unknown,222557,20250417
FAC-0271,DCI WALDEN POND,"56 WINTHROP STREET, WEST CONCORD, MA 01742",Short-Term Acute Care,0,Active,Unknown,222559,20221207
FAC-0272,SPRINGFIELD DIALYSIS CENTER,"90 CAREW STREET UNIT A, SPRINGFIELD, MA 01104",Short-Term Acute Care,0,Active,Unknown,222560,20231214
FAC-0273,SOUTH COUNTY DIALYSIS CENTER,"336 THOMPSON ROAD, WEBSTER, MA 01570",Short-Term Acute Care,0,Active,Unknown,222561,20250306
FAC-0274,FRESENIUS MEDICAL CARE OF NEWBURYPORT,"260 MERRIMAC STREET, NEWBURYPORT, MA 01950",Short-Term Acute Care,0,Active,Unknown,222562,20250220
FAC-0275,PDI - WORCESTER,"19 GLENNIE STREET, SUITE A, WORCESTER, MA 01605",Short-Term Acute Care,0,Active,Unknown,222564,20231109
FAC-0276,FRESENIUS MEDICAL CARE OF METHUEN,"421 MERRIMACK STREET, METHUEN, MA 01844",Short-Term Acute Care,0,Active,Unknown,222565,20230222
FAC-0277,FRESENIUS MEDICAL CARE - PLYMOUTH CORDAGE,"10 CORDAGE PARK CIRCLE, SUITE 213, PLYMOUTH, MA 02360",Short-Term Acute Care,0,Active,Unknown,222567,20250326
FAC-0278,"DIALYSIS CENTER AT WALTHAM, THE","135 BEAVER STREET, WALTHAM, MA 02452",Short-Term Acute Care,0,Active,Unknown,222568,20230118
FAC-0279,FRESENIUS MEDICAL CARE OF MARLBOROUGH,"360 CEDAR HILL STREET, SUITE #3, MARLBORO, MA 01752",Short-Term Acute Care,0,Active,Unknown,222570,20230202
FAC-0280,DIALYSIS CENTER OF WESTERN MASSACHUSETTS LLC,"601 MEMORIAL DRIVE, SUITE H, CHICOPEE, MA 01020",Short-Term Acute Care,0,Active,Unknown,222571,20240717
FAC-0281,"HERITAGE DIALYSIS CENTER, LLC","67 COOPER STREET, AGAWAM, MA 01001",Short-Term Acute Care,0,Active,Unknown,222572,20250528
FAC-0282,TAUNTON REGIONAL DIALYSIS CENTER,"MILL RIVER PLACE 1 WASHINGTON STREET, TAUNTON, MA 02780",Short-Term Acute Care,0,Active,Unknown,222573,20250617
FAC-0283,BROCKTON REGIONAL KIDNEY CENTER,"76 CAMPANELLI INDUSTRIAL DRIVE, BROCKTON, MA 02301",Short-Term Acute Care,0,Active,Unknown,222574,20230210
FAC-0284,U.S. RENAL CARE QUINCY DIALYSIS,"500 VICTORY ROAD, QUINCY, MA 02171",Short-Term Acute Care,0,Active,Unknown,222576,20241114
FAC-0285,FRESENIUS MEDICAL CARE OF WAREHAM,"100 ROSEBROOK WAY, SUITE 100, WAREHAM, MA 02571",Short-Term Acute Care,0,Active,Unknown,222577,20221220
FAC-0286,U.S. RENAL CARE FOXBOROUGH DIALYSIS,"10 LINCOLN ROAD, SUITE 101, FOXBOROUGH, MA 02035",Short-Term Acute Care,0,Active,Unknown,222579,20230302
FAC-0287,ARA-LUDLOW DIALYSIS,"14 CHESTNUT PLACE, SUITE B, LUDLOW, MA 01056",Short-Term Acute Care,0,Active,Unknown,222580,20231026
FAC-0288,ATTLEBORO DIALYSIS CENTER,"111 PLEASANT STREET, ATTLEBORO, MA 02703",Short-Term Acute Care,0,Active,Unknown,222581,20230511
FAC-0289,FRESENIUS MEDICAL CARE MERRIMACK  VALLEY,"100 MILK STREET, METHUEN, MA 01844",Short-Term Acute Care,0,Active,Unknown,222582,20230419
FAC-0290,FRESENIUS MEDICAL CARE LOWELL,"847 ROGERS STREET SUITE 101, LOWELL, MA 01853",Short-Term Acute Care,0,Active,Unknown,222583,20250605
FAC-0291,DIALYSIS CENTER OF ATTLEBORO LLC,"217 SOUTH MAIN STREET, STORE 7, ATTLEBORO, MA 02703",Short-Term Acute Care,0,Active,Unknown,222584,20231026
FAC-0292,NXSTAGE KIDNEY CARE BOSTON NORTH,"107 AUDUBON ROAD, SUITE 1-60, WAKEFIELD, MA 01880",Short-Term Acute Care,0,Active,Unknown,222586,20180725
FAC-0293,FRESENIUS MEDICAL CARE CHELMSFORD,"27 INDUSTRIAL AVENUE, CHELMSFORD, MA 01824",Short-Term Acute Care,0,Active,Unknown,222587,20250611
FAC-0294,FRESENIUS MEDICAL CARE DANVERS,"75 NEWBURY STREET, DANVERS, MA 01923",Short-Term Acute Care,0,Active,Unknown,222588,20220614
FAC-0295,U S RENAL CARE WEYMOUTH DIALYSIS,"587 WASHINGTON STREET, WEYMOUTH, MA 02188",Short-Term Acute Care,0,Active,Unknown,222589,20221104
FAC-0296,FREEDOM CENTER OF WORCESTER,"1 INNOVATION DRIVE, WORCESTER, MA 01605",Short-Term Acute Care,0,Active,Unknown,222590,20250430
FAC-0297,FRESENIUS MEDICAL CARE OF FAIRHAVEN,"216 HUTTLESTON AVENUE, FAIRHAVEN, MA 02719",Short-Term Acute Care,0,Active,Unknown,222591,20221214
FAC-0298,ARA AUBURN DIALYSIS CENTER,"771 SOUTHBRIDGE STREET, SUITE #1, AUBURN, MA 01501",Short-Term Acute Care,0,Active,Unknown,222593,20250211
FAC-0299,FRESENIUS KIDNEY CARE WORCESTER COUNTY DIALYSIS,"867 GRAFTON STREET, WORCESTER, MA 01604",Short-Term Acute Care,0,Active,Unknown,222594,20250204
FAC-0300,ARA HOLYOKE DIALYSIS CENTER,"36 LOWER WESTFIELD RD, UNIT C-153, HOLYOKE, MA 01040",Short-Term Acute Care,0,Active,Unknown,222595,20240124
FAC-0301,FRESENIUS KIDNEY CARE - OXFORD,"10A GALAXY PASS, SUTTON, MA 01590",Short-Term Acute Care,0,Active,Unknown,222596,20191118
FAC-0302,FRESENIUS KIDNEY CARE CHELSEA,"90 EVERETT AVENUE, CHELSEA, MA 02150",Short-Term Acute Care,0,Active,Unknown,222597,20200401
FAC-0303,LEOMINSTER DIALYSIS LLC,"20 COMMERCIAL ROAD, SUITE 5, LEOMINSTER, MA 01453",Short-Term Acute Care,0,Active,Unknown,222598,20230928
FAC-0304,FRESENIUS KIDNEY CARE WELLESLEY,"981 WELLESLEY STREET, SUITE 1-B, WELLESLEY, MA 02482",Short-Term Acute Care,0,Active,Unknown,222599,20220131
FAC-0305,MYSTIC RIVER HOME TRAINING,"712 FELLSWAY, MEDFORD, MA 02155",Short-Term Acute Care,0,Active,Unknown,222600,20230316
FAC-0306,CONCERTO MASSACHUSETTS LLC,"1256 PARK STREET, SUITE 102, STOUGHTON, MA 02072",Short-Term Acute Care,0,Active,Unknown,222601,20240906
FAC-0307,ENCOMPASS HEALTH REHABILITATION HOSP OF NEW ENGLAN,"2 REHABILITATION WAY, WOBURN, MA 01801",Children's,210,Active,Unknown,223026,20090924
FAC-0308,ENCOMPASS HEALTH BRAINTREE HOSPITAL OF BRAINTREE,"250 POND STREET, BRAINTREE, MA 02184",Children's,187,Active,Unknown,223027,19930824
FAC-0309,"FAIRLAWN REHAB HOSP, AN AFFILIATE OF ENCOMPASS HLT","189 MAY STREET, WORCESTER, MA 01602",Children's,110,Active,Unknown,223029,20000622
FAC-0310,ENCOMPASS HEALTH REHAB HOSPITAL OF WESTERN MASS,"222 STATE STREET, LUDLOW, MA 01056",Children's,53,Active,Unknown,223030,20120725
FAC-0311,SPAULDING REHABILITATION HOSPITAL - CAPE COD,"311 SERVICE ROAD, EAST SANDWICH, MA 02537",Children's,60,Active,Unknown,223032,20180529
FAC-0312,SPAULDING REHABILITATION HOSPITAL,"300 FIRST AVENUE, CHARLESTOWN, MA 02129",Children's,132,Active,Unknown,223034,19870101
FAC-0313,FRANCISCAN HOSPITAL FOR CHILDREN,"30 WARREN STREET, BRIGHTON, MA 02135",Distinct Part Psychiatric,112,Active,Unknown,223300,20140123
FAC-0314,BOSTON CHILDREN'S HOSPITAL,"300 LONGWOOD AVENUE, BOSTON, MA 02115",Distinct Part Psychiatric,395,Active,Unknown,223302,20121016
FAC-0315,"SHRINERS' HOSPITAL FOR CHILDREN - BOSTON, THE","51 BLOSSOM STREET, BOSTON, MA 02114",Distinct Part Psychiatric,30,Active,Unknown,223304,20110620
FAC-0316,UMASS MEMORIAL MED CENTER - MEMORIAL CAMPUS,"119 BELMONT STREET, WORCESTER, MA 01605",Short-Term Acute Care,0,Active,Unknown,223504,20181121
FAC-0317,NORTH ADAMS RENAL DIALYSIS SUITE OF BMC,"71 HOSPITAL AVENUE, GROUND FLOOR, NORTH ADAMS, MA 01247",Short-Term Acute Care,0,Active,Unknown,223505,20181121
FAC-0318,BERKSHIRE MEDICAL CENTER CENTRAL COUNTY DIALYSIS,"8 CONTE DRIVE, PITTSFIELD, MA 01201",Short-Term Acute Care,0,Active,Unknown,223506,20190306
FAC-0319,TULLY FAMILY MEDICINE,"81 RESERVOIR DRIVE, ATHOL, MA 01331",Short-Term Acute Care,0,Active,Unknown,223975,20181001
FAC-0320,EAST MOUNTAIN MEDICAL,"780 MAIN STREET, GREAT BARRINGTON, MA 01230",Short-Term Acute Care,0,Active,Unknown,223976,20190930
FAC-0321,WILLIAMSTOWN MEDICAL AT NORTH ADAMS,"71 HOSPITAL AVENUE, NORTH ADAMS, MA 01247",Short-Term Acute Care,0,Active,Unknown,223977,20190930
FAC-0322,WILLIAMSTOWN MEDICAL,"197 ADAMS ROAD, WILLIAMSTOWN, MA 01267",Short-Term Acute Care,0,Active,Unknown,223978,20190930
FAC-0323,NANTUCKET COTTAGE MEDICAL GROUP,"57 PROSPECT STREET, NANTUCKET, MA 02554",Short-Term Acute Care,0,Active,Unknown,223979,20190716
FAC-0324,ATHOL PRIMARY CARE,"2033 MAIN STREET, ATHOL, MA 01331",Short-Term Acute Care,0,Active,Unknown,223980,20200415
FAC-0325,MARTHA'S VINEYARD HOSPITAL RURAL HEALTH CLINIC,"1 HOSPITAL ROAD, OAK BLUFFS, MA 02557",Short-Term Acute Care,0,Active,Unknown,223981,20210326
FAC-0326,TAUNTON STATE HOSPITAL,"60 HODGES AVENUE, BOX 151, TAUNTON, MA 02780",Rehabilitation,45,Active,Unknown,224001,20141121
FAC-0327,MCLEAN HOSPITAL CORPORATION,"115 MILL STREET, BELMONT, MA 02478",Rehabilitation,324,Active,Unknown,224007,20100714
FAC-0328,"ARBOUR HOSPITAL, THE","49 ROBINWOOD AVENUE, BOSTON, MA 02130",Rehabilitation,118,Active,Unknown,224013,20110420
FAC-0329,ARBOUR HUMAN RESOURCE INSTITUTE,"227 BABCOCK STREET, BROOKLINE, MA 02446",Rehabilitation,68,Active,Unknown,224018,20140227
FAC-0330,ARBOUR-FULLER HOSPITAL,"200 MAY STREET, SOUTH ATTLEBORO, MA 02703",Rehabilitation,86,Active,Unknown,224021,20110216
FAC-0331,BOURNEWOOD HOSPITAL,"300 SOUTH STREET, BOSTON COLLEGE, MA 02467",Rehabilitation,90,Active,Unknown,224022,20091204
FAC-0332,WESTWOOD PEMBROKE HEALTH SYSTEMS,"45 CLAPBOARDTREE STREET, WESTWOOD, MA 02090",Rehabilitation,248,Active,Unknown,224023,20070921
FAC-0333,DR JOHN C CORRIGAN MENTAL HEALTH CENTER,"49 HILLSIDE STREET, FALL RIVER, MA 02720",Rehabilitation,16,Active,Unknown,224028,20170522
FAC-0334,CAPE COD & ISLANDS COMMUNITY MENTAL HEALTH CENTER,"830 COUNTY ROAD, POCASSET, MA 02559",Rehabilitation,16,Active,Unknown,224031,20140417
FAC-0335,WORCESTER RECOVERY CENTER AND HOSPITAL,"309 BELMONT STREET, WORCESTER, MA 01604",Rehabilitation,166,Active,Unknown,224032,20110713
FAC-0336,"WALDEN BEHAVIORAL CARE, LLC","10 CAREMATRIX DR, DEDHAM, MA 02026",Rehabilitation,45,Active,Unknown,224038,20061206
FAC-0337,WHITTIER PAVILION,"76 SUMMER STREET, HAVERHILL, MA 01830",Rehabilitation,71,Active,Unknown,224039,20250410
FAC-0338,DR SOLOMON CARTER FULLER MENTAL HEALTH CENTER,"85 EAST NEWTON STREET, BOSTON, MA 02118",Rehabilitation,60,Active,Unknown,224040,20230925
FAC-0339,SOUTHCOAST BEHAVIORAL HEALTH,"581 FAUNCE CORNER ROAD, DARTMOUTH, MA 02747",Rehabilitation,120,Active,Unknown,224041,20151120
FAC-0340,TARAVISTA BEHAVIORAL HEALTH CENTER,"85 PATTON ROAD, DEVENS, MA 01434",Rehabilitation,108,Active,Unknown,224043,20190927
FAC-0341,WESTBOROUGH BEHAVIORAL HEALTHCARE HOSPITAL LLC,"300 FRIBERG PARKWAY, WESTBOROUGH, MA 01581",Rehabilitation,152,Active,Unknown,224044,20180124
FAC-0342,HOSPITAL FOR BEHAVIORAL MEDICINE,"100 CENTURY DRIVE, WORCESTER, MA 01606",Rehabilitation,82,Active,Unknown,224045,20190322
FAC-0343,MIRAVISTA BEHAVIORAL HEALTH CENTER,"1233 MAIN STREET, HOLYOKE, MA 01040",Rehabilitation,36,Active,Unknown,224046,20210907
FAC-0344,VALLEY SPRINGS BEHAVIORAL HEALTH HOSPITAL,"45 LOWER WESTFIELD ROAD, HOLYOKE, MA 01040",Rehabilitation,150,Active,Unknown,224047,20231122
FAC-0345,MASSACHUSETTS COMMUNITY MENTAL HEALTH CENTER,"74 FENWOOD ROAD, BOSTON, MA 02115",Short-Term Acute Care,0,Not Accredited,Unknown,224614,20160824
FAC-0346,ARBOUR COUNSELING,"116 SUMMER STREET, HAVERHILL, MA 01830",Short-Term Acute Care,0,Not Accredited,Unknown,224615,20240227
FAC-0347,ARBOUR COUNSELING SERVICES PARTIAL HOSP SERV,"384 WASHINGTON STREET, NORWELL, MA 02061",Short-Term Acute Care,0,Not Accredited,Unknown,224623,20190821
FAC-0348,ARBOR COUNSELING SERVICES-WOBURN,"10 L ROESSLER ROAD, WOBURN, MA 01801",Short-Term Acute Care,0,Not Accredited,Unknown,224625,20240206
FAC-0349,COMMUNITY CARE MENTAL HEALTH CENTER,"417 LIBERTY STREET, SPRINGFIELD, MA 01104",Short-Term Acute Care,0,Not Accredited,Unknown,224626,20180718
FAC-0350,ARBOUR COUNSELING SERVICES PHP,"1082 DAVOL STREET, SUITE #2, FALL RIVER, MA 02720",Short-Term Acute Care,0,Not Accredited,Unknown,224627,20240220
FAC-0351,ARBOUR COUNSELING SERVICES,"411 CHANDLER STREET, PHP PROGRAMS, WORCESTER, MA 01602",Short-Term Acute Care,0,Not Accredited,Unknown,224630,20200212
FAC-0352,"GUIDELIGHT HEALTH OF MASSACHUSETTS, LLC","299 LINCOLN STREET, SUITE 302, WORCESTER, MA 01605",Short-Term Acute Care,0,Not Accredited,Unknown,224631,20250602
FAC-0353,LEARNWELL BEHAVIORAL HEALTH LLC,"199 WELLS AVENUE, SUITE 108, NEWTON, MA 02459",Short-Term Acute Care,0,Not Accredited,Unknown,224632,20250604
FAC-0354,SELECT PHYSICAL THERAPY,"860 ROUTE 134, SUITE 5&6, SOUTH DENNIS, MA 02660",Short-Term Acute Care,0,Active,Unknown,226505,20240502
FAC-0355,CARLTON-WILLARD VILLAGE OUTPATIENT,"100 OLD BILLERICA ROAD, BEDFORD, MA 01730",Short-Term Acute Care,0,Active,Unknown,226511,20240207
FAC-0356,BOSTON UNIVERSITY REHABILITATION SERVICES,"635 COMMONWEALTH AVENUE, 6TH FLOOR, BOSTON, MA 02215",Short-Term Acute Care,0,Active,Unknown,226517,20210917
FAC-0357,SELECT PHYSICAL THERAPY,"9 POND LANE STE 2B & 2F, DAMONMIL SQ, CONCORD, MA 01742",Short-Term Acute Care,0,Active,Unknown,226521,20241002
FAC-0358,"COMMUNITY REHABILITATION CARE, INC","305 CENTRE STREET, NEWTON, MA 02458",Short-Term Acute Care,0,Active,Unknown,226525,20220920
FAC-0359,OUTPATIENT REHABILITATION CLINIC AT BROOKSBY,"302 BROOKSBY VILLAGE DRIVE, PEABODY, MA 01960",Short-Term Acute Care,0,Active,Unknown,226539,20240201
FAC-0360,LINDEN PONDS OUTPATIENT REHABILITATION CLINIC,"205 LINDEN PONDS WAY, SUITE 152, HINGHAM, MA 02043",Short-Term Acute Care,0,Active,Unknown,226542,20241120
FAC-0361,SUNDANCE REHABILITATION AGENCY OF MASSACHUSETTS,"110 CHERRY STREET, C/O SOLDIER'S HOME, HOLYOKE, MA 01040",Short-Term Acute Care,0,Active,Unknown,226549,20190426
FAC-0362,SELECT REHABILITATION LLC,"865 CENTRAL AVENUE,, NEEDHAM, MA 02492",Short-Term Acute Care,0,Active,Unknown,226551,20201120
FAC-0363,BRIGHAM AND WOMEN'S HOSPITAL -  TRANSPLANT CENTER,"75 FRANCIS STREET, BOSTON, MA 02115",Hospital,0,Active,Unknown,229801,20240425
FAC-0364,LAHEY CLINIC - TRANSPLANT CENTER,"41 & 45 MALL ROAD, BURLINGTON, MA 01803",Hospital,0,Active,Unknown,229802,20240801
FAC-0365,BETH ISRAEL DEACONESS MED CTR -  TRANSPLANT CENTER,"330 BROOKLINE AVENUE, BOSTON, MA 02115",Hospital,0,Active,Unknown,229803,20250305
FAC-0366,BOSTON MEDICAL CENTER - TRANSPLANT CENTER,"1 BOSTON MEDICAL PLACE, BOSTON, MA 02118",Hospital,0,Active,Unknown,229804,20230503
FAC-0367,UNIVERSITY OF MASS MEMORIAL MED CTR - TRANSPLANT,"55 LAKE AVENUE NORTH, WORCESTER, MA 01655",Hospital,0,Active,Unknown,229805,20230607
FAC-0368,BOSTON CHILDREN'S HOSPITAL - TRANSPLANT CENTER,"300 LONGWOOD AVE, BOSTON, MA 02115",Hospital,0,Active,Unknown,229806,20251118
FAC-0369,TUFTS MEDICAL CENTER - TRANSPLANT,"750 WASHINGTON STREET, BOSTON, MA 02111",Hospital,0,Active,Unknown,229807,20250227
FAC-0370,MASSACHUSETTS GENERAL HOSPITAL - TRANSPLANT CENTER,"55 FRUIT STREET, BOSTON, MA 02114",Hospital,0,Active,Unknown,229808,20221026
FAC-0371,BAYSTATE MEDICAL CENTER - TRANSPLANT CENTER,"759 CHESTNUT STREET, SPRINGFIELD, MA 01199",Hospital,0,Active,Unknown,229809,20240814
FAC-0372,CHARLES V HOGAN REGIONAL CENTER,"450 MAPLE STREET, P O BOX A, HATHORNE, MA 01937",Long-Term Care,153,Not Accredited,Unknown,22G002,20241009
FAC-0373,WRENTHAM DEVELOPMENTAL CENTER,"EMERALD STREET, P O BOX 144, WRENTHAM, MA 02093",Long-Term Care,255,Not Accredited,Unknown,22G017,20241016
FAC-0374,"NEW ENGLAND ORGAN BANK, INC","60 FIRST AVENUE, WALTHAM, MA 02451",Short-Term Acute Care,0,Not Accredited,Unknown,22P001,20220310
FAC-0375,MOBILEXUSA,"2 JOHNATHAN DRIVE, BROCKTON, MA 02301",Short-Term Acute Care,0,Not Accredited,Unknown,22X0009811,20240812
FAC-0376,M M D S OF BOSTON LLC,"48 SILVER LAKE AVENUE, NEWTON, MA 02458",Short-Term Acute Care,0,Not Accredited,Unknown,22X0009830,20240326
FAC-0377,MOBILE XRAY DIAGNOSTICS LLC,"350 BEDFORD STREET, SUITE 5A, LAKEVILLE, MA 02347",Short-Term Acute Care,0,Not Accredited,Unknown,22X0009832,20210825
